Dataset,MAE,RMSE,R2,MAPE
Train,4.584977149963379,19.17673013732439,0.9851292967796326,401540393310.6466
Test,4.413389205932617,17.3845179991984,0.9877794981002808,349846175293.6604
